0,1,2
us-gaap:acceleratedsharerepurchaseprogramadjustment,9000000,FD2017Q3YTD
us-gaap:acceleratedsharerepurchasesfinalpricepaidpershare,42.06,FD2017Q3YTD
us-gaap:acceleratedsharerepurchasessettlementpaymentorreceipt,500000000,FI2017Q1
us-gaap:accountspayablecurrent,296000000,FI2016Q4
us-gaap:accountspayablecurrent,523000000,FI2017Q3
us-gaap:accountsreceivablenetcurrent,505000000,FI2016Q4
us-gaap:accountsreceivablenetcurrent,833000000,FI2017Q3
us-gaap:accruedincometaxesnoncurrent,78000000,FI2016Q4
us-gaap:accruedincometaxesnoncurrent,85000000,FI2017Q3
us-gaap:accruedliabilitiescurrent,642000000,FI2016Q4
us-gaap:accruedliabilitiescurrent,507000000,FI2017Q3
us-gaap:accruedprofessionalfeescurrentandnoncurrent,23000000,FI2016Q4
us-gaap:accruedprofessionalfeescurrentandnoncurrent,13000000,FI2017Q3
us-gaap:accruedroyaltiescurrent,1000000,FI2016Q4
us-gaap:accruedroyaltiescurrent,4000000,FI2017Q3
us-gaap:additionalpaidincapital,4170000000,FI2016Q4
us-gaap:additionalpaidincapital,4581000000,FI2017Q3
us-gaap:amortizationofdebtdiscountpremium,22000000,FD2016Q3YTD
us-gaap:amortizationofdebtdiscountpremium,20000000,FD2017Q3YTD
us-gaap:amortizationoffinancingcostsanddiscounts,7000000,FD2016Q3QTD
us-gaap:amortizationoffinancingcostsanddiscounts,22000000,FD2016Q3YTD
us-gaap:amortizationoffinancingcostsanddiscounts,5000000,FD2017Q3QTD
us-gaap:amortizationoffinancingcostsanddiscounts,20000000,FD2017Q3YTD
us-gaap:amortizationofintangibleassets,18000000,FD2016Q3QTD
us-gaap:amortizationofintangibleassets,56000000,FD2016Q3YTD
us-gaap:amortizationofintangibleassets,18000000,FD2017Q3QTD
us-gaap:amortizationofintangibleassets,53000000,FD2017Q3YTD
us-gaap:antidilutivesecuritiesexcludedfromcomputationofearningspershareamount,9000000,FD2016Q3QTD
us-gaap:antidilutivesecuritiesexcludedfromcomputationofearningspershareamount,13000000,FD2016Q3YTD
us-gaap:antidilutivesecuritiesexcludedfromcomputationofearningspershareamount,7000000,FD2017Q3QTD
us-gaap:antidilutivesecuritiesexcludedfromcomputationofearningspershareamount,9000000,FD2017Q3YTD
us-gaap:assets,7370000000,FI2016Q4
us-gaap:assets,9612000000,FI2017Q3
us-gaap:assetscurrent,6053000000,FI2016Q4
us-gaap:assetscurrent,8307000000,FI2017Q3
us-gaap:assetsfairvaluedisclosurerecurring,435000000,FI2016Q4_nvda_SummaryOfCashEquivalentsAndMarketableSecuritiesAxis_us-gaap_AssetBackedSecuritiesMember_us-gaap_FairValueByFairValueHierarchyLevelAxis_us-gaap_FairValueInputsLevel2Member
us-gaap:assetsfairvaluedisclosurerecurring,1901000000,FI2016Q4_nvda_SummaryOfCashEquivalentsAndMarketableSecuritiesAxis_us-gaap_CorporateDebtSecuritiesMember_us-gaap_FairValueByFairValueHierarchyLevelAxis_us-gaap_FairValueInputsLevel2Member
us-gaap:assetsfairvaluedisclosurerecurring,92000000,FI2016Q4_nvda_SummaryOfCashEquivalentsAndMarketableSecuritiesAxis_us-gaap_ForeignGovernmentDebtMember_us-gaap_FairValueByFairValueHierarchyLevelAxis_us-gaap_FairValueInputsLevel2Member
us-gaap:assetsfairvaluedisclosurerecurring,43000000,FI2016Q4_nvda_SummaryOfCashEquivalentsAndMarketableSecuritiesAxis_us-gaap_MoneyMarketFundsMember_us-gaap_FairValueByFairValueHierarchyLevelAxis_us-gaap_FairValueInputsLevel1Member
us-gaap:assetsfairvaluedisclosurerecurring,231000000,FI2016Q4_nvda_SummaryOfCashEquivalentsAndMarketableSecuritiesAxis_us-gaap_MortgageBackedSecuritiesIssuedByUSGovernmentSponsoredEnterprisesMember_us-gaap_FairValueByFairValueHierarchyLevelAxis_us-gaap_FairValueInputsLevel2Member
us-gaap:assetsfairvaluedisclosurerecurring,1170000000,FI2016Q4_nvda_SummaryOfCashEquivalentsAndMarketableSecuritiesAxis_us-gaap_USGovernmentAgenciesDebtSecuritiesMember_us-gaap_FairValueByFairValueHierarchyLevelAxis_us-gaap_FairValueInputsLevel2Member
us-gaap:assetsfairvaluedisclosurerecurring,801000000,FI2016Q4_nvda_SummaryOfCashEquivalentsAndMarketableSecuritiesAxis_us-gaap_USTreasurySecuritiesMember_us-gaap_FairValueByFairValueHierarchyLevelAxis_us-gaap_FairValueInputsLevel2Member
us-gaap:assetsfairvaluedisclosurerecurring,437000000,FI2017Q3_nvda_SummaryOfCashEquivalentsAndMarketableSecuritiesAxis_us-gaap_AssetBackedSecuritiesMember_us-gaap_FairValueByFairValueHierarchyLevelAxis_us-gaap_FairValueInputsLevel2Member
us-gaap:assetsfairvaluedisclosurerecurring,2239000000,FI2017Q3_nvda_SummaryOfCashEquivalentsAndMarketableSecuritiesAxis_us-gaap_CorporateDebtSecuritiesMember_us-gaap_FairValueByFairValueHierarchyLevelAxis_us-gaap_FairValueInputsLevel2Member
us-gaap:assetsfairvaluedisclosurerecurring,68000000,FI2017Q3_nvda_SummaryOfCashEquivalentsAndMarketableSecuritiesAxis_us-gaap_ForeignGovernmentDebtMember_us-gaap_FairValueByFairValueHierarchyLevelAxis_us-gaap_FairValueInputsLevel2Member
us-gaap:assetsfairvaluedisclosurerecurring,542000000,FI2017Q3_nvda_SummaryOfCashEquivalentsAndMarketableSecuritiesAxis_us-gaap_MoneyMarketFundsMember_us-gaap_FairValueByFairValueHierarchyLevelAxis_us-gaap_FairValueInputsLevel1Member
us-gaap:assetsfairvaluedisclosurerecurring,163000000,FI2017Q3_nvda_SummaryOfCashEquivalentsAndMarketableSecuritiesAxis_us-gaap_MortgageBackedSecuritiesIssuedByUSGovernmentSponsoredEnterprisesMember_us-gaap_FairValueByFairValueHierarchyLevelAxis_us-gaap_FairValueInputsLevel2Member
us-gaap:assetsfairvaluedisclosurerecurring,1152000000,FI2017Q3_nvda_SummaryOfCashEquivalentsAndMarketableSecuritiesAxis_us-gaap_USGovernmentAgenciesDebtSecuritiesMember_us-gaap_FairValueByFairValueHierarchyLevelAxis_us-gaap_FairValueInputsLevel2Member
us-gaap:assetsfairvaluedisclosurerecurring,770000000,FI2017Q3_nvda_SummaryOfCashEquivalentsAndMarketableSecuritiesAxis_us-gaap_USTreasurySecuritiesMember_us-gaap_FairValueByFairValueHierarchyLevelAxis_us-gaap_FairValueInputsLevel2Member
us-gaap:availableforsaledebtsecuritiesaccumulatedgrossunrealizedlossbeforetax,5000000,FI2016Q4
us-gaap:availableforsaledebtsecuritiesaccumulatedgrossunrealizedlossbeforetax,3000000,FI2016Q4_nvda_SummaryOfCashEquivalentsAndMarketableSecuritiesAxis_us-gaap_CorporateDebtSecuritiesMember
us-gaap:availableforsaledebtsecuritiesaccumulatedgrossunrealizedlossbeforetax,1000000,FI2016Q4_nvda_SummaryOfCashEquivalentsAndMarketableSecuritiesAxis_us-gaap_MortgageBackedSecuritiesIssuedByUSGovernmentSponsoredEnterprisesMember
us-gaap:availableforsaledebtsecuritiesaccumulatedgrossunrealizedlossbeforetax,1000000,FI2016Q4_nvda_SummaryOfCashEquivalentsAndMarketableSecuritiesAxis_us-gaap_USGovernmentAgenciesDebtSecuritiesMember
us-gaap:availableforsaledebtsecuritiesaccumulatedgrossunrealizedlossbeforetax,5000000,FI2017Q3
us-gaap:availableforsaledebtsecuritiesaccumulatedgrossunrealizedlossbeforetax,2000000,FI2017Q3_nvda_SummaryOfCashEquivalentsAndMarketableSecuritiesAxis_us-gaap_CorporateDebtSecuritiesMember
us-gaap:availableforsaledebtsecuritiesaccumulatedgrossunrealizedlossbeforetax,1000000,FI2017Q3_nvda_SummaryOfCashEquivalentsAndMarketableSecuritiesAxis_us-gaap_MortgageBackedSecuritiesIssuedByUSGovernmentSponsoredEnterprisesMember
us-gaap:availableforsaledebtsecuritiesaccumulatedgrossunrealizedlossbeforetax,1000000,FI2017Q3_nvda_SummaryOfCashEquivalentsAndMarketableSecuritiesAxis_us-gaap_USGovernmentAgenciesDebtSecuritiesMember
us-gaap:availableforsaledebtsecuritiesaccumulatedgrossunrealizedlossbeforetax,1000000,FI2017Q3_nvda_SummaryOfCashEquivalentsAndMarketableSecuritiesAxis_us-gaap_USTreasurySecuritiesMember
us-gaap:availableforsaledebtsecuritiesamortizedcostbasis,4672000000,FI2016Q4
us-gaap:availableforsaledebtsecuritiesamortizedcostbasis,5369000000,FI2017Q3
us-gaap:availableforsalesecurities,4673000000,FI2016Q4
us-gaap:availableforsalesecurities,435000000,FI2016Q4_nvda_SummaryOfCashEquivalentsAndMarketableSecuritiesAxis_us-gaap_AssetBackedSecuritiesMember
us-gaap:availableforsalesecurities,1901000000,FI2016Q4_nvda_SummaryOfCashEquivalentsAndMarketableSecuritiesAxis_us-gaap_CorporateDebtSecuritiesMember
us-gaap:availableforsalesecurities,92000000,FI2016Q4_nvda_SummaryOfCashEquivalentsAndMarketableSecuritiesAxis_us-gaap_ForeignGovernmentDebtMember
us-gaap:availableforsalesecurities,43000000,FI2016Q4_nvda_SummaryOfCashEquivalentsAndMarketableSecuritiesAxis_us-gaap_MoneyMarketFundsMember
us-gaap:availableforsalesecurities,231000000,FI2016Q4_nvda_SummaryOfCashEquivalentsAndMarketableSecuritiesAxis_us-gaap_MortgageBackedSecuritiesIssuedByUSGovernmentSponsoredEnterprisesMember
us-gaap:availableforsalesecurities,1170000000,FI2016Q4_nvda_SummaryOfCashEquivalentsAndMarketableSecuritiesAxis_us-gaap_USGovernmentAgenciesDebtSecuritiesMember
us-gaap:availableforsalesecurities,801000000,FI2016Q4_nvda_SummaryOfCashEquivalentsAndMarketableSecuritiesAxis_us-gaap_USTreasurySecuritiesMember
us-gaap:availableforsalesecurities,5371000000,FI2017Q3
us-gaap:availableforsalesecurities,437000000,FI2017Q3_nvda_SummaryOfCashEquivalentsAndMarketableSecuritiesAxis_us-gaap_AssetBackedSecuritiesMember
us-gaap:availableforsalesecurities,2239000000,FI2017Q3_nvda_SummaryOfCashEquivalentsAndMarketableSecuritiesAxis_us-gaap_CorporateDebtSecuritiesMember
us-gaap:availableforsalesecurities,68000000,FI2017Q3_nvda_SummaryOfCashEquivalentsAndMarketableSecuritiesAxis_us-gaap_ForeignGovernmentDebtMember
us-gaap:availableforsalesecurities,542000000,FI2017Q3_nvda_SummaryOfCashEquivalentsAndMarketableSecuritiesAxis_us-gaap_MoneyMarketFundsMember
us-gaap:availableforsalesecurities,163000000,FI2017Q3_nvda_SummaryOfCashEquivalentsAndMarketableSecuritiesAxis_us-gaap_MortgageBackedSecuritiesIssuedByUSGovernmentSponsoredEnterprisesMember
us-gaap:availableforsalesecurities,1152000000,FI2017Q3_nvda_SummaryOfCashEquivalentsAndMarketableSecuritiesAxis_us-gaap_USGovernmentAgenciesDebtSecuritiesMember
us-gaap:availableforsalesecurities,770000000,FI2017Q3_nvda_SummaryOfCashEquivalentsAndMarketableSecuritiesAxis_us-gaap_USTreasurySecuritiesMember
us-gaap:availableforsalesecuritiesaccumulatedgrossunrealizedgainbeforetax,6000000,FI2016Q4
us-gaap:availableforsalesecuritiesaccumulatedgrossunrealizedgainbeforetax,1000000,FI2016Q4_nvda_SummaryOfCashEquivalentsAndMarketableSecuritiesAxis_us-gaap_CorporateDebtSecuritiesMember
us-gaap:availableforsalesecuritiesaccumulatedgrossunrealizedgainbeforetax,3000000,FI2016Q4_nvda_SummaryOfCashEquivalentsAndMarketableSecuritiesAxis_us-gaap_MortgageBackedSecuritiesIssuedByUSGovernmentSponsoredEnterprisesMember
us-gaap:availableforsalesecuritiesaccumulatedgrossunrealizedgainbeforetax,1000000,FI2016Q4_nvda_SummaryOfCashEquivalentsAndMarketableSecuritiesAxis_us-gaap_USGovernmentAgenciesDebtSecuritiesMember
us-gaap:availableforsalesecuritiesaccumulatedgrossunrealizedgainbeforetax,1000000,FI2016Q4_nvda_SummaryOfCashEquivalentsAndMarketableSecuritiesAxis_us-gaap_USTreasurySecuritiesMember
us-gaap:availableforsalesecuritiesaccumulatedgrossunrealizedgainbeforetax,7000000,FI2017Q3
us-gaap:availableforsalesecuritiesaccumulatedgrossunrealizedgainbeforetax,1000000,FI2017Q3_nvda_SummaryOfCashEquivalentsAndMarketableSecuritiesAxis_us-gaap_AssetBackedSecuritiesMember
us-gaap:availableforsalesecuritiesaccumulatedgrossunrealizedgainbeforetax,2000000,FI2017Q3_nvda_SummaryOfCashEquivalentsAndMarketableSecuritiesAxis_us-gaap_CorporateDebtSecuritiesMember
us-gaap:availableforsalesecuritiesaccumulatedgrossunrealizedgainbeforetax,2000000,FI2017Q3_nvda_SummaryOfCashEquivalentsAndMarketableSecuritiesAxis_us-gaap_MortgageBackedSecuritiesIssuedByUSGovernmentSponsoredEnterprisesMember
us-gaap:availableforsalesecuritiesaccumulatedgrossunrealizedgainbeforetax,1000000,FI2017Q3_nvda_SummaryOfCashEquivalentsAndMarketableSecuritiesAxis_us-gaap_USGovernmentAgenciesDebtSecuritiesMember
us-gaap:availableforsalesecuritiesaccumulatedgrossunrealizedgainbeforetax,1000000,FI2017Q3_nvda_SummaryOfCashEquivalentsAndMarketableSecuritiesAxis_us-gaap_USTreasurySecuritiesMember
us-gaap:availableforsalesecuritiesamortizedcost,4672000000,FI2016Q4
us-gaap:availableforsalesecuritiesamortizedcost,435000000,FI2016Q4_nvda_SummaryOfCashEquivalentsAndMarketableSecuritiesAxis_us-gaap_AssetBackedSecuritiesMember
us-gaap:availableforsalesecuritiesamortizedcost,1903000000,FI2016Q4_nvda_SummaryOfCashEquivalentsAndMarketableSecuritiesAxis_us-gaap_CorporateDebtSecuritiesMember
us-gaap:availableforsalesecuritiesamortizedcost,92000000,FI2016Q4_nvda_SummaryOfCashEquivalentsAndMarketableSecuritiesAxis_us-gaap_ForeignGovernmentDebtMember
us-gaap:availableforsalesecuritiesamortizedcost,43000000,FI2016Q4_nvda_SummaryOfCashEquivalentsAndMarketableSecuritiesAxis_us-gaap_MoneyMarketFundsMember
us-gaap:availableforsalesecuritiesamortizedcost,229000000,FI2016Q4_nvda_SummaryOfCashEquivalentsAndMarketableSecuritiesAxis_us-gaap_MortgageBackedSecuritiesIssuedByUSGovernmentSponsoredEnterprisesMember
us-gaap:availableforsalesecuritiesamortizedcost,1170000000,FI2016Q4_nvda_SummaryOfCashEquivalentsAndMarketableSecuritiesAxis_us-gaap_USGovernmentAgenciesDebtSecuritiesMember
us-gaap:availableforsalesecuritiesamortizedcost,800000000,FI2016Q4_nvda_SummaryOfCashEquivalentsAndMarketableSecuritiesAxis_us-gaap_USTreasurySecuritiesMember
us-gaap:availableforsalesecuritiesamortizedcost,5369000000,FI2017Q3
us-gaap:availableforsalesecuritiesamortizedcost,436000000,FI2017Q3_nvda_SummaryOfCashEquivalentsAndMarketableSecuritiesAxis_us-gaap_AssetBackedSecuritiesMember
us-gaap:availableforsalesecuritiesamortizedcost,2239000000,FI2017Q3_nvda_SummaryOfCashEquivalentsAndMarketableSecuritiesAxis_us-gaap_CorporateDebtSecuritiesMember
us-gaap:availableforsalesecuritiesamortizedcost,68000000,FI2017Q3_nvda_SummaryOfCashEquivalentsAndMarketableSecuritiesAxis_us-gaap_ForeignGovernmentDebtMember
us-gaap:availableforsalesecuritiesamortizedcost,542000000,FI2017Q3_nvda_SummaryOfCashEquivalentsAndMarketableSecuritiesAxis_us-gaap_MoneyMarketFundsMember
us-gaap:availableforsalesecuritiesamortizedcost,162000000,FI2017Q3_nvda_SummaryOfCashEquivalentsAndMarketableSecuritiesAxis_us-gaap_MortgageBackedSecuritiesIssuedByUSGovernmentSponsoredEnterprisesMember
us-gaap:availableforsalesecuritiesamortizedcost,1152000000,FI2017Q3_nvda_SummaryOfCashEquivalentsAndMarketableSecuritiesAxis_us-gaap_USGovernmentAgenciesDebtSecuritiesMember
us-gaap:availableforsalesecuritiesamortizedcost,770000000,FI2017Q3_nvda_SummaryOfCashEquivalentsAndMarketableSecuritiesAxis_us-gaap_USTreasurySecuritiesMember
us-gaap:availableforsalesecuritiescontinuousunrealizedlossposition12monthsorlongeraccumulatedloss,1000000,FI2017Q3
us-gaap:availableforsalesecuritiescontinuousunrealizedlossposition12monthsorlongeraccumulatedloss,1000000,FI2017Q3_nvda_SummaryOfCashEquivalentsAndMarketableSecuritiesAxis_us-gaap_MortgageBackedSecuritiesIssuedByUSGovernmentSponsoredEnterprisesMember
us-gaap:availableforsalesecuritiescontinuousunrealizedlosspositionaccumulatedloss,5000000,FI2017Q3
us-gaap:availableforsalesecuritiescontinuousunrealizedlosspositionaccumulatedloss,2000000,FI2017Q3_nvda_SummaryOfCashEquivalentsAndMarketableSecuritiesAxis_us-gaap_CorporateDebtSecuritiesMember
us-gaap:availableforsalesecuritiescontinuousunrealizedlosspositionaccumulatedloss,1000000,FI2017Q3_nvda_SummaryOfCashEquivalentsAndMarketableSecuritiesAxis_us-gaap_MortgageBackedSecuritiesIssuedByUSGovernmentSponsoredEnterprisesMember
us-gaap:availableforsalesecuritiescontinuousunrealizedlosspositionaccumulatedloss,1000000,FI2017Q3_nvda_SummaryOfCashEquivalentsAndMarketableSecuritiesAxis_us-gaap_USGovernmentAgenciesDebtSecuritiesMember
us-gaap:availableforsalesecuritiescontinuousunrealizedlosspositionaccumulatedloss,1000000,FI2017Q3_nvda_SummaryOfCashEquivalentsAndMarketableSecuritiesAxis_us-gaap_USTreasurySecuritiesMember
us-gaap:availableforsalesecuritiescontinuousunrealizedlosspositionfairvalue,1874000000,FI2017Q3
us-gaap:availableforsalesecuritiescontinuousunrealizedlosspositionfairvalue,1035000000,FI2017Q3_nvda_SummaryOfCashEquivalentsAndMarketableSecuritiesAxis_us-gaap_CorporateDebtSecuritiesMember
us-gaap:availableforsalesecuritiescontinuousunrealizedlosspositionfairvalue,79000000,FI2017Q3_nvda_SummaryOfCashEquivalentsAndMarketableSecuritiesAxis_us-gaap_MortgageBackedSecuritiesIssuedByUSGovernmentSponsoredEnterprisesMember
us-gaap:availableforsalesecuritiescontinuousunrealizedlosspositionfairvalue,563000000,FI2017Q3_nvda_SummaryOfCashEquivalentsAndMarketableSecuritiesAxis_us-gaap_USGovernmentAgenciesDebtSecuritiesMember
us-gaap:availableforsalesecuritiescontinuousunrealizedlosspositionfairvalue,197000000,FI2017Q3_nvda_SummaryOfCashEquivalentsAndMarketableSecuritiesAxis_us-gaap_USTreasurySecuritiesMember
us-gaap:availableforsalesecuritiescontinuousunrealizedlosspositionlessthan12monthsaccumulatedloss,4000000,FI2017Q3
us-gaap:availableforsalesecuritiescontinuousunrealizedlosspositionlessthan12monthsaccumulatedloss,2000000,FI2017Q3_nvda_SummaryOfCashEquivalentsAndMarketableSecuritiesAxis_us-gaap_CorporateDebtSecuritiesMember
us-gaap:availableforsalesecuritiescontinuousunrealizedlosspositionlessthan12monthsaccumulatedloss,1000000,FI2017Q3_nvda_SummaryOfCashEquivalentsAndMarketableSecuritiesAxis_us-gaap_USGovernmentAgenciesDebtSecuritiesMember
us-gaap:availableforsalesecuritiescontinuousunrealizedlosspositionlessthan12monthsaccumulatedloss,1000000,FI2017Q3_nvda_SummaryOfCashEquivalentsAndMarketableSecuritiesAxis_us-gaap_USTreasurySecuritiesMember
us-gaap:availableforsalesecuritiescontinuousunrealizedlosspositionlessthantwelvemonthsfairvalue,1753000000,FI2017Q3
us-gaap:availableforsalesecuritiescontinuousunrealizedlosspositionlessthantwelvemonthsfairvalue,977000000,FI2017Q3_nvda_SummaryOfCashEquivalentsAndMarketableSecuritiesAxis_us-gaap_CorporateDebtSecuritiesMember
us-gaap:availableforsalesecuritiescontinuousunrealizedlosspositionlessthantwelvemonthsfairvalue,43000000,FI2017Q3_nvda_SummaryOfCashEquivalentsAndMarketableSecuritiesAxis_us-gaap_MortgageBackedSecuritiesIssuedByUSGovernmentSponsoredEnterprisesMember
us-gaap:availableforsalesecuritiescontinuousunrealizedlosspositionlessthantwelvemonthsfairvalue,536000000,FI2017Q3_nvda_SummaryOfCashEquivalentsAndMarketableSecuritiesAxis_us-gaap_USGovernmentAgenciesDebtSecuritiesMember
us-gaap:availableforsalesecuritiescontinuousunrealizedlosspositionlessthantwelvemonthsfairvalue,197000000,FI2017Q3_nvda_SummaryOfCashEquivalentsAndMarketableSecuritiesAxis_us-gaap_USTreasurySecuritiesMember
us-gaap:availableforsalesecuritiescontinuousunrealizedlosspositiontwelvemonthsorlongerfairvalue,121000000,FI2017Q3
us-gaap:availableforsalesecuritiescontinuousunrealizedlosspositiontwelvemonthsorlongerfairvalue,58000000,FI2017Q3_nvda_SummaryOfCashEquivalentsAndMarketableSecuritiesAxis_us-gaap_CorporateDebtSecuritiesMember
us-gaap:availableforsalesecuritiescontinuousunrealizedlosspositiontwelvemonthsorlongerfairvalue,36000000,FI2017Q3_nvda_SummaryOfCashEquivalentsAndMarketableSecuritiesAxis_us-gaap_MortgageBackedSecuritiesIssuedByUSGovernmentSponsoredEnterprisesMember
us-gaap:availableforsalesecuritiescontinuousunrealizedlosspositiontwelvemonthsorlongerfairvalue,27000000,FI2017Q3_nvda_SummaryOfCashEquivalentsAndMarketableSecuritiesAxis_us-gaap_USGovernmentAgenciesDebtSecuritiesMember
us-gaap:availableforsalesecuritiesdebtmaturitiesafteronethroughfiveyearsamortizedcost,3019000000,FI2016Q4
us-gaap:availableforsalesecuritiesdebtmaturitiesafteronethroughfiveyearsamortizedcost,2967000000,FI2017Q3
us-gaap:availableforsalesecuritiesdebtmaturitiesafteronethroughfiveyearsfairvalue,3020000000,FI2016Q4
us-gaap:availableforsalesecuritiesdebtmaturitiesafteronethroughfiveyearsfairvalue,2968000000,FI2017Q3
us-gaap:availableforsalesecuritiesdebtmaturitieswithinoneyearamortizedcost,1619000000,FI2016Q4
us-gaap:availableforsalesecuritiesdebtmaturitieswithinoneyearamortizedcost,2346000000,FI2017Q3
us-gaap:availableforsalesecuritiesdebtmaturitieswithinoneyearfairvalue,1619000000,FI2016Q4
us-gaap:availableforsalesecuritiesdebtmaturitieswithinoneyearfairvalue,2347000000,FI2017Q3
us-gaap:availableforsalesecuritiesdebtmaturitieswithoutsinglematuritydateamortizedcost,34000000,FI2016Q4
us-gaap:availableforsalesecuritiesdebtmaturitieswithoutsinglematuritydateamortizedcost,56000000,FI2017Q3
us-gaap:availableforsalesecuritiesdebtmaturitieswithoutsinglematuritydatefairvalue,34000000,FI2016Q4
us-gaap:availableforsalesecuritiesdebtmaturitieswithoutsinglematuritydatefairvalue,56000000,FI2017Q3
us-gaap:availableforsalesecuritiesdebtsecurities,4673000000,FI2016Q4
us-gaap:availableforsalesecuritiesdebtsecurities,5371000000,FI2017Q3
us-gaap:availableforsalesecuritiesgrossunrealizedgainloss1,3000000,FD2016Q3QTD
us-gaap:availableforsalesecuritiesgrossunrealizedgainloss1,10000000,FD2017Q3QTD
us-gaap:availableforsalesecuritiesgrossunrealizedgainloss1,1000000,FD2017Q3YTD
us-gaap:capitalleaseobligationscurrent,4000000,FI2016Q4
us-gaap:capitalleaseobligationscurrent,4000000,FI2017Q3
us-gaap:capitalleaseobligationsnoncurrent,10000000,FI2016Q4
us-gaap:capitalleaseobligationsnoncurrent,7000000,FI2017Q3
us-gaap:cashandcashequivalentsatcarryingvalue,497000000,FI2015Q4
us-gaap:cashandcashequivalentsatcarryingvalue,471000000,FI2016Q3
us-gaap:cashandcashequivalentsatcarryingvalue,596000000,FI2016Q4
us-gaap:cashandcashequivalentsatcarryingvalue,1940000000,FI2017Q3
us-gaap:cashandcashequivalentsperiodincreasedecrease,1344000000,FD2017Q3YTD
us-gaap:cashequivalentsatcarryingvalue,232000000,FI2016Q4
us-gaap:cashequivalentsatcarryingvalue,51000000,FI2016Q4_nvda_SummaryOfCashEquivalentsAndMarketableSecuritiesAxis_us-gaap_CorporateDebtSecuritiesMember
us-gaap:cashequivalentsatcarryingvalue,90000000,FI2016Q4_nvda_SummaryOfCashEquivalentsAndMarketableSecuritiesAxis_us-gaap_USGovernmentAgenciesDebtSecuritiesMember
us-gaap:cashequivalentsatcarryingvalue,640000000,FI2017Q3
us-gaap:cashequivalentsatcarryingvalue,35000000,FI2017Q3_nvda_SummaryOfCashEquivalentsAndMarketableSecuritiesAxis_us-gaap_CorporateDebtSecuritiesMember
us-gaap:cashequivalentsatcarryingvalue,38000000,FI2017Q3_nvda_SummaryOfCashEquivalentsAndMarketableSecuritiesAxis_us-gaap_USGovernmentAgenciesDebtSecuritiesMember
us-gaap:cashequivalentsatcarryingvalue,25000000,FI2017Q3_nvda_SummaryOfCashEquivalentsAndMarketableSecuritiesAxis_us-gaap_USTreasurySecuritiesMember
us-gaap:classofwarrantorrightnumberofsecuritiescalledbywarrantsorrights,75000000,FI2017Q3
us-gaap:commonstockdividendspersharedeclared,0.0975,FD2016Q3QTD
us-gaap:commonstockdividendspersharedeclared,0.2800,FD2016Q3YTD
us-gaap:commonstockdividendspersharedeclared,0.1150,FD2017Q3QTD
us-gaap:commonstockdividendspersharedeclared,0.3450,FD2017Q3YTD
us-gaap:commonstockdividendspersharedeclared,0.14,FD2017Q4QTD_us-gaap_SubsequentEventTypeAxis_us-gaap_SubsequentEventMember
us-gaap:commonstockparorstatedvaluepershare,0.001,FI2017Q3
us-gaap:commonstocksharesauthorized,2000000000,FI2017Q3
us-gaap:commonstockvalue,1000000,FI2016Q4
us-gaap:commonstockvalue,1000000,FI2017Q3
us-gaap:comprehensiveincomenetoftax,246000000,FD2016Q3QTD
us-gaap:comprehensiveincomenetoftax,400000000,FD2016Q3YTD
us-gaap:comprehensiveincomenetoftax,534000000,FD2017Q3QTD
us-gaap:comprehensiveincomenetoftax,1011000000,FD2017Q3YTD
us-gaap:convertibledebt,1413000000,FI2016Q4
us-gaap:convertibledebt,1011000000,FI2017Q3
us-gaap:convertibledebtcurrent,1413000000,FI2016Q4
us-gaap:convertibledebtcurrent,1011000000,FI2017Q3
us-gaap:convertibledebtfairvaluedisclosures,2273000000,FI2016Q4_us-gaap_FairValueByFairValueHierarchyLevelAxis_us-gaap_FairValueInputsLevel2Member
us-gaap:convertibledebtfairvaluedisclosures,3725000000,FI2017Q3_us-gaap_FairValueByFairValueHierarchyLevelAxis_us-gaap_FairValueInputsLevel2Member
us-gaap:costofrevenue,571000000,FD2016Q3QTD
us-gaap:costofrevenue,1589000000,FD2016Q3YTD
us-gaap:costofrevenue,821000000,FD2017Q3QTD
us-gaap:costofrevenue,1977000000,FD2017Q3YTD
us-gaap:cumulativeeffectofnewaccountingprincipleinperiodofadoption,353000000,FI2016Q4_us-gaap_AdjustmentsForNewAccountingPronouncementsAxis_nvda_AccountingStandardsUpdate201609Member_us-gaap_NewAccountingPronouncementEarlyAdoptionAxis_us-gaap_AdjustmentsForNewAccountingPrincipleEarlyAdoptionMember_us-gaap_StatementEquityComponentsAxis_us-gaap_RetainedEarningsMember
us-gaap:debtconversionconvertedinstrumentsharesissued1,15000000,FD2017Q3QTD
us-gaap:debtconversionconvertedinstrumentsharesissued1,15000000,FD2017Q3YTD
us-gaap:debtinstrumentcarryingamount,1000000000,FI2017Q3_us-gaap_LongtermDebtTypeAxis_nvda_A2021NotesMember
us-gaap:debtinstrumentcarryingamount,1000000000,FI2017Q3_us-gaap_LongtermDebtTypeAxis_nvda_A2026NotesMember
us-gaap:debtinstrumentconvertiblecarryingamountoftheequitycomponent,126000000,FI2017Q3
us-gaap:debtinstrumentconvertibleconversionprice1,20.0780,FI2017Q3
us-gaap:debtinstrumentconvertibleconversionratio1,49.8058,FD2017Q3QTD
us-gaap:debtinstrumentconvertibleifconvertedvalueinexcessofprincipal,2660000000,FD2017Q3QTD
us-gaap:debtinstrumentconvertiblethresholdpercentageofstockpricetrigger,1.3,FD2017Q3QTD
us-gaap:debtinstrumentfaceamount,1500000000,FI2016Q4
us-gaap:debtinstrumentfaceamount,1056000000,FI2017Q3
us-gaap:debtinstrumentinterestrateduringperiod,0.0238,FD2017Q3QTD_us-gaap_LongtermDebtTypeAxis_nvda_A2021NotesMember
us-gaap:debtinstrumentinterestrateduringperiod,0.0331,FD2017Q3QTD_us-gaap_LongtermDebtTypeAxis_nvda_A2026NotesMember
us-gaap:debtinstrumentinterestrateeffectivepercentage,0.0315,FI2017Q3
us-gaap:debtinstrumentinterestratestatedpercentage,0.0100,FI2017Q3
us-gaap:debtinstrumentinterestratestatedpercentage,0.01,FI2017Q3
us-gaap:debtinstrumentunamortizeddiscount,87000000,FI2016Q4
us-gaap:debtinstrumentunamortizeddiscount,45000000,FI2017Q3
us-gaap:deferredincometaxassetsnet,353000000,FI2016Q4_us-gaap_AdjustmentsForNewAccountingPronouncementsAxis_nvda_AccountingStandardsUpdate201609Member_us-gaap_NewAccountingPronouncementEarlyAdoptionAxis_us-gaap_AdjustmentsForNewAccountingPrincipleEarlyAdoptionMember
us-gaap:deferredincometaxexpensebenefit,107000000,FD2016Q3YTD
us-gaap:deferredincometaxexpensebenefit,146000000,FD2017Q3YTD
us-gaap:deferredrevenuenoncurrent,44000000,FI2016Q4
us-gaap:deferredrevenuenoncurrent,2000000,FI2017Q3
us-gaap:deferredtaxliabilitiesnoncurrent,301000000,FI2016Q4
us-gaap:deferredtaxliabilitiesnoncurrent,88000000,FI2017Q3
us-gaap:depreciationandamortization,48000000,FD2016Q3QTD
us-gaap:depreciationandamortization,11000000,FD2016Q3QTD_us-gaap_StatementBusinessSegmentsAxis_nvda_AllOtherMember
us-gaap:depreciationandamortization,26000000,FD2016Q3QTD_us-gaap_StatementBusinessSegmentsAxis_nvda_GpuMember
us-gaap:depreciationandamortization,11000000,FD2016Q3QTD_us-gaap_StatementBusinessSegmentsAxis_nvda_TegraProcessorMember
us-gaap:depreciationandamortization,151000000,FD2016Q3YTD
us-gaap:depreciationandamortization,34000000,FD2016Q3YTD_us-gaap_StatementBusinessSegmentsAxis_nvda_AllOtherMember
us-gaap:depreciationandamortization,81000000,FD2016Q3YTD_us-gaap_StatementBusinessSegmentsAxis_nvda_GpuMember
us-gaap:depreciationandamortization,36000000,FD2016Q3YTD_us-gaap_StatementBusinessSegmentsAxis_nvda_TegraProcessorMember
us-gaap:depreciationandamortization,48000000,FD2017Q3QTD
us-gaap:depreciationandamortization,10000000,FD2017Q3QTD_us-gaap_StatementBusinessSegmentsAxis_nvda_AllOtherMember
us-gaap:depreciationandamortization,30000000,FD2017Q3QTD_us-gaap_StatementBusinessSegmentsAxis_nvda_GpuMember
us-gaap:depreciationandamortization,8000000,FD2017Q3QTD_us-gaap_StatementBusinessSegmentsAxis_nvda_TegraProcessorMember
us-gaap:depreciationandamortization,140000000,FD2017Q3YTD
us-gaap:depreciationandamortization,31000000,FD2017Q3YTD_us-gaap_StatementBusinessSegmentsAxis_nvda_AllOtherMember
us-gaap:depreciationandamortization,87000000,FD2017Q3YTD_us-gaap_StatementBusinessSegmentsAxis_nvda_GpuMember
us-gaap:depreciationandamortization,22000000,FD2017Q3YTD_us-gaap_StatementBusinessSegmentsAxis_nvda_TegraProcessorMember
us-gaap:derivativeliabilities,7000000,FI2016Q4_us-gaap_FairValueByFairValueHierarchyLevelAxis_us-gaap_FairValueInputsLevel2Member
us-gaap:derivativeliabilities,9000000,FI2017Q3_us-gaap_FairValueByFairValueHierarchyLevelAxis_us-gaap_FairValueInputsLevel2Member
us-gaap:derivativeliabilitiesnoncurrent,7000000,FI2016Q4
us-gaap:derivativeliabilitiesnoncurrent,9000000,FI2017Q3
us-gaap:earningspersharebasic,0.45,FD2016Q3QTD
us-gaap:earningspersharebasic,0.75,FD2016Q3YTD
us-gaap:earningspersharebasic,0.39,FD2017Q1QTD
us-gaap:earningspersharebasic,0.36,FD2017Q1QTD_us-gaap_StatementScenarioAxis_us-gaap_ScenarioPreviouslyReportedMember
us-gaap:earningspersharebasic,0.49,FD2017Q2QTD
us-gaap:earningspersharebasic,0.47,FD2017Q2QTD_us-gaap_StatementScenarioAxis_us-gaap_ScenarioPreviouslyReportedMember
us-gaap:earningspersharebasic,0.88,FD2017Q2YTD
us-gaap:earningspersharebasic,0.84,FD2017Q2YTD_us-gaap_StatementScenarioAxis_us-gaap_ScenarioPreviouslyReportedMember
us-gaap:earningspersharebasic,1.01,FD2017Q3QTD
us-gaap:earningspersharebasic,1.89,FD2017Q3YTD
us-gaap:earningspersharediluted,0.44,FD2016Q3QTD
us-gaap:earningspersharediluted,0.72,FD2016Q3YTD
us-gaap:earningspersharediluted,0.35,FD2017Q1QTD
us-gaap:earningspersharediluted,0.33,FD2017Q1QTD_us-gaap_StatementScenarioAxis_us-gaap_ScenarioPreviouslyReportedMember
us-gaap:earningspersharediluted,0.41,FD2017Q2QTD
us-gaap:earningspersharediluted,0.40,FD2017Q2QTD_us-gaap_StatementScenarioAxis_us-gaap_ScenarioPreviouslyReportedMember
us-gaap:earningspersharediluted,0.76,FD2017Q2YTD
us-gaap:earningspersharediluted,0.73,FD2017Q2YTD_us-gaap_StatementScenarioAxis_us-gaap_ScenarioPreviouslyReportedMember
us-gaap:earningspersharediluted,0.83,FD2017Q3QTD
us-gaap:earningspersharediluted,1.59,FD2017Q3YTD
us-gaap:effectiveincometaxratecontinuingoperations,0.169,FD2016Q3YTD
us-gaap:effectiveincometaxratecontinuingoperations,0.128,FD2017Q3QTD
us-gaap:effectiveincometaxratecontinuingoperations,0.142,FD2017Q3YTD
us-gaap:effectiveincometaxratereconciliationatfederalstatutoryincometaxrate,0.35,FD2017Q3YTD
us-gaap:employeerelatedliabilitiescurrent,79000000,FI2016Q4
us-gaap:employeerelatedliabilitiescurrent,79000000,FI2017Q3
us-gaap:employeeservicesharebasedcompensationnonvestedawardstotalcompensationcostnotyetrecognized,381000000,FI2016Q4
us-gaap:employeeservicesharebasedcompensationnonvestedawardstotalcompensationcostnotyetrecognized,662000000,FI2017Q3
us-gaap:extinguishmentofdebtamount,444000000,FD2017Q3QTD
us-gaap:extinguishmentofdebtamount,444000000,FD2017Q3YTD
us-gaap:finitelivedintangibleassetsaccumulatedamortization,337000000,FI2016Q4_nvda_AmortizableIntangibleAssetsComponentsAxis_nvda_PatentsAndLicensedTechnologyMember
us-gaap:finitelivedintangibleassetsaccumulatedamortization,152000000,FI2016Q4_nvda_AmortizableIntangibleAssetsComponentsAxis_us-gaap_DevelopedTechnologyRightsMember
us-gaap:finitelivedintangibleassetsaccumulatedamortization,489000000,FI2016Q4_nvda_AmortizableIntangibleAssetsComponentsAxis_us-gaap_FiniteLivedIntangibleAssetsMember
us-gaap:finitelivedintangibleassetsaccumulatedamortization,379000000,FI2017Q3_nvda_AmortizableIntangibleAssetsComponentsAxis_nvda_PatentsAndLicensedTechnologyMember
us-gaap:finitelivedintangibleassetsaccumulatedamortization,163000000,FI2017Q3_nvda_AmortizableIntangibleAssetsComponentsAxis_us-gaap_DevelopedTechnologyRightsMember
us-gaap:finitelivedintangibleassetsaccumulatedamortization,542000000,FI2017Q3_nvda_AmortizableIntangibleAssetsComponentsAxis_us-gaap_FiniteLivedIntangibleAssetsMember
us-gaap:finitelivedintangibleassetsamortizationexpenseafteryearfive,1000000,FI2017Q3
us-gaap:finitelivedintangibleassetsamortizationexpensenexttwelvemonths,54000000,FI2017Q3
us-gaap:finitelivedintangibleassetsamortizationexpenseremainderoffiscalyear,16000000,FI2017Q3
us-gaap:finitelivedintangibleassetsamortizationexpenseyearfour,7000000,FI2017Q3
us-gaap:finitelivedintangibleassetsamortizationexpenseyearthree,16000000,FI2017Q3
us-gaap:finitelivedintangibleassetsamortizationexpenseyeartwo,26000000,FI2017Q3
us-gaap:finitelivedintangibleassetsgross,462000000,FI2016Q4_nvda_AmortizableIntangibleAssetsComponentsAxis_nvda_PatentsAndLicensedTechnologyMember
us-gaap:finitelivedintangibleassetsgross,193000000,FI2016Q4_nvda_AmortizableIntangibleAssetsComponentsAxis_us-gaap_DevelopedTechnologyRightsMember
us-gaap:finitelivedintangibleassetsgross,655000000,FI2016Q4_nvda_AmortizableIntangibleAssetsComponentsAxis_us-gaap_FiniteLivedIntangibleAssetsMember
us-gaap:finitelivedintangibleassetsgross,469000000,FI2017Q3_nvda_AmortizableIntangibleAssetsComponentsAxis_nvda_PatentsAndLicensedTechnologyMember
us-gaap:finitelivedintangibleassetsgross,193000000,FI2017Q3_nvda_AmortizableIntangibleAssetsComponentsAxis_us-gaap_DevelopedTechnologyRightsMember
us-gaap:finitelivedintangibleassetsgross,662000000,FI2017Q3_nvda_AmortizableIntangibleAssetsComponentsAxis_us-gaap_FiniteLivedIntangibleAssetsMember
us-gaap:finitelivedintangibleassetsnet,125000000,FI2016Q4_nvda_AmortizableIntangibleAssetsComponentsAxis_nvda_PatentsAndLicensedTechnologyMember
us-gaap:finitelivedintangibleassetsnet,41000000,FI2016Q4_nvda_AmortizableIntangibleAssetsComponentsAxis_us-gaap_DevelopedTechnologyRightsMember
us-gaap:finitelivedintangibleassetsnet,166000000,FI2016Q4_nvda_AmortizableIntangibleAssetsComponentsAxis_us-gaap_FiniteLivedIntangibleAssetsMember
us-gaap:finitelivedintangibleassetsnet,90000000,FI2017Q3_nvda_AmortizableIntangibleAssetsComponentsAxis_nvda_PatentsAndLicensedTechnologyMember
us-gaap:finitelivedintangibleassetsnet,30000000,FI2017Q3_nvda_AmortizableIntangibleAssetsComponentsAxis_us-gaap_DevelopedTechnologyRightsMember
us-gaap:finitelivedintangibleassetsnet,120000000,FI2017Q3_nvda_AmortizableIntangibleAssetsComponentsAxis_us-gaap_FiniteLivedIntangibleAssetsMember
us-gaap:goodwill,618000000,FI2016Q4
us-gaap:goodwill,618000000,FI2017Q3
us-gaap:grossprofit,734000000,FD2016Q3QTD
us-gaap:grossprofit,2020000000,FD2016Q3YTD
us-gaap:grossprofit,1183000000,FD2017Q3QTD
us-gaap:grossprofit,2760000000,FD2017Q3YTD
us-gaap:incomelossfromcontinuingoperationsbeforeincometaxesminorityinterestandincomelossfromequityme,245000000,FD2016Q3QTD
us-gaap:incomelossfromcontinuingoperationsbeforeincometaxesminorityinterestandincomelossfromequityme,489000000,FD2016Q3YTD
us-gaap:incomelossfromcontinuingoperationsbeforeincometaxesminorityinterestandincomelossfromequityme,621000000,FD2017Q3QTD
us-gaap:incomelossfromcontinuingoperationsbeforeincometaxesminorityinterestandincomelossfromequityme,1180000000,FD2017Q3YTD
us-gaap:incometaxexpensebenefit,83000000,FD2016Q3YTD
us-gaap:incometaxexpensebenefit,33000000,FD2017Q1QTD
us-gaap:incometaxexpensebenefit,45000000,FD2017Q1QTD_us-gaap_StatementScenarioAxis_us-gaap_ScenarioPreviouslyReportedMember
us-gaap:incometaxexpensebenefit,56000000,FD2017Q2QTD
us-gaap:incometaxexpensebenefit,64000000,FD2017Q2QTD_us-gaap_StatementScenarioAxis_us-gaap_ScenarioPreviouslyReportedMember
us-gaap:incometaxexpensebenefit,89000000,FD2017Q2YTD
us-gaap:incometaxexpensebenefit,109000000,FD2017Q2YTD_us-gaap_StatementScenarioAxis_us-gaap_ScenarioPreviouslyReportedMember
us-gaap:incometaxexpensebenefit,79000000,FD2017Q3QTD
us-gaap:incometaxexpensebenefit,168000000,FD2017Q3YTD
us-gaap:increasedecreaseinaccountspayable,7000000,FD2016Q3YTD
us-gaap:increasedecreaseinaccountspayable,218000000,FD2017Q3YTD
us-gaap:increasedecreaseinaccountsreceivable,63000000,FD2016Q3YTD
us-gaap:increasedecreaseinaccountsreceivable,328000000,FD2017Q3YTD
us-gaap:increasedecreaseininventories,261000000,FD2017Q3YTD
us-gaap:increasedecreaseinprepaiddeferredexpenseandotherassets,25000000,FD2016Q3YTD
us-gaap:increasedecreaseinprepaiddeferredexpenseandotherassets,28000000,FD2017Q3YTD
us-gaap:incrementalcommonsharesattributabletocalloptionsandwarrants,43000000,FD2017Q3QTD
us-gaap:incrementalcommonsharesattributabletocalloptionsandwarrants,33000000,FD2017Q3YTD
us-gaap:incrementalcommonsharesattributabletoconversionofdebtsecurities,10000000,FD2016Q3QTD
us-gaap:incrementalcommonsharesattributabletoconversionofdebtsecurities,6000000,FD2016Q3YTD
us-gaap:incrementalcommonsharesattributabletoconversionofdebtsecurities,45000000,FD2017Q3QTD
us-gaap:incrementalcommonsharesattributabletoconversionofdebtsecurities,42000000,FD2017Q3YTD
us-gaap:intangibleassetsnetexcludinggoodwill,166000000,FI2016Q4
us-gaap:intangibleassetsnetexcludinggoodwill,120000000,FI2017Q3
us-gaap:interestexpense,12000000,FD2016Q3QTD
us-gaap:interestexpense,35000000,FD2016Q3YTD
us-gaap:interestexpense,16000000,FD2017Q3QTD
us-gaap:interestexpense,39000000,FD2017Q3YTD
us-gaap:interestexpensedebt,11000000,FD2016Q3QTD
us-gaap:interestexpensedebt,33000000,FD2016Q3YTD
us-gaap:interestexpensedebt,8000000,FD2017Q3QTD
us-gaap:interestexpensedebt,30000000,FD2017Q3YTD
us-gaap:interestexpensedebtexcludingamortization,4000000,FD2016Q3QTD
us-gaap:interestexpensedebtexcludingamortization,11000000,FD2016Q3YTD
us-gaap:interestexpensedebtexcludingamortization,3000000,FD2017Q3QTD
us-gaap:interestexpensedebtexcludingamortization,10000000,FD2017Q3YTD
us-gaap:interestpayablecurrent,3000000,FI2016Q4
us-gaap:interestpayablecurrent,12000000,FI2017Q3
us-gaap:inventoryfinishedgoods,210000000,FI2016Q4
us-gaap:inventoryfinishedgoods,273000000,FI2017Q3
us-gaap:inventorynet,418000000,FI2016Q4
us-gaap:inventorynet,679000000,FI2017Q3
us-gaap:inventoryrawmaterials,105000000,FI2016Q4
us-gaap:inventoryrawmaterials,203000000,FI2017Q3
us-gaap:inventoryworkinprocess,103000000,FI2016Q4
us-gaap:inventoryworkinprocess,203000000,FI2017Q3
us-gaap:investmentincomeinterest,9000000,FD2016Q3QTD
us-gaap:investmentincomeinterest,28000000,FD2016Q3YTD
us-gaap:investmentincomeinterest,14000000,FD2017Q3QTD
us-gaap:investmentincomeinterest,37000000,FD2017Q3YTD
us-gaap:liabilities,2814000000,FI2016Q4
us-gaap:liabilities,4243000000,FI2017Q3
us-gaap:liabilitiesandstockholdersequity,7370000000,FI2016Q4
us-gaap:liabilitiesandstockholdersequity,9612000000,FI2017Q3
us-gaap:liabilitiesassumed1,25000000,FD2017Q3YTD
us-gaap:liabilitiescurrent,2351000000,FI2016Q4
us-gaap:liabilitiescurrent,2041000000,FI2017Q3
us-gaap:lineofcreditfacilitycurrentborrowingcapacity,575000000,FI2017Q3
us-gaap:longtermdebt,1982000000,FI2017Q3
us-gaap:longtermdebtfairvalue,997000000,FI2017Q3_us-gaap_FairValueByFairValueHierarchyLevelAxis_us-gaap_FairValueInputsLevel2Member_us-gaap_LongtermDebtTypeAxis_nvda_A2021NotesMember
us-gaap:longtermdebtfairvalue,997000000,FI2017Q3_us-gaap_FairValueByFairValueHierarchyLevelAxis_us-gaap_FairValueInputsLevel2Member_us-gaap_LongtermDebtTypeAxis_nvda_A2026NotesMember
us-gaap:longtermdebtpercentagebearingfixedinterestrate,0.0220,FI2017Q3_us-gaap_LongtermDebtTypeAxis_nvda_A2021NotesMember
us-gaap:longtermdebtpercentagebearingfixedinterestrate,0.0320,FI2017Q3_us-gaap_LongtermDebtTypeAxis_nvda_A2026NotesMember
us-gaap:marketablesecurities,1850000000,FI2016Q4_nvda_SummaryOfCashEquivalentsAndMarketableSecuritiesAxis_us-gaap_CorporateDebtSecuritiesMember
us-gaap:marketablesecurities,1080000000,FI2016Q4_nvda_SummaryOfCashEquivalentsAndMarketableSecuritiesAxis_us-gaap_USGovernmentAgenciesDebtSecuritiesMember
us-gaap:marketablesecurities,801000000,FI2016Q4_nvda_SummaryOfCashEquivalentsAndMarketableSecuritiesAxis_us-gaap_USTreasurySecuritiesMember
us-gaap:marketablesecurities,2200000000,FI2017Q3_nvda_SummaryOfCashEquivalentsAndMarketableSecuritiesAxis_us-gaap_CorporateDebtSecuritiesMember
us-gaap:marketablesecurities,1110000000,FI2017Q3_nvda_SummaryOfCashEquivalentsAndMarketableSecuritiesAxis_us-gaap_USGovernmentAgenciesDebtSecuritiesMember
us-gaap:marketablesecurities,745000000,FI2017Q3_nvda_SummaryOfCashEquivalentsAndMarketableSecuritiesAxis_us-gaap_USTreasurySecuritiesMember
us-gaap:marketablesecuritiescurrent,4441000000,FI2016Q4
us-gaap:marketablesecuritiescurrent,4731000000,FI2017Q3
us-gaap:netcashprovidedbyusedinfinancingactivities,813000000,FD2017Q3YTD
us-gaap:netcashprovidedbyusedinoperatingactivities,664000000,FD2016Q3YTD
us-gaap:netcashprovidedbyusedinoperatingactivities,318000000,FD2017Q1QTD
us-gaap:netcashprovidedbyusedinoperatingactivities,309000000,FD2017Q1QTD_us-gaap_StatementScenarioAxis_us-gaap_ScenarioPreviouslyReportedMember
us-gaap:netcashprovidedbyusedinoperatingactivities,201000000,FD2017Q2QTD
us-gaap:netcashprovidedbyusedinoperatingactivities,184000000,FD2017Q2QTD_us-gaap_StatementScenarioAxis_us-gaap_ScenarioPreviouslyReportedMember
us-gaap:netcashprovidedbyusedinoperatingactivities,519000000,FD2017Q2YTD
us-gaap:netcashprovidedbyusedinoperatingactivities,493000000,FD2017Q2YTD_us-gaap_StatementScenarioAxis_us-gaap_ScenarioPreviouslyReportedMember
us-gaap:netcashprovidedbyusedinoperatingactivities,951000000,FD2017Q3YTD
us-gaap:netincomeloss,246000000,FD2016Q3QTD
us-gaap:netincomeloss,406000000,FD2016Q3YTD
us-gaap:netincomeloss,208000000,FD2017Q1QTD
us-gaap:netincomeloss,196000000,FD2017Q1QTD_us-gaap_StatementScenarioAxis_us-gaap_ScenarioPreviouslyReportedMember
us-gaap:netincomeloss,261000000,FD2017Q2QTD
us-gaap:netincomeloss,253000000,FD2017Q2QTD_us-gaap_StatementScenarioAxis_us-gaap_ScenarioPreviouslyReportedMember
us-gaap:netincomeloss,469000000,FD2017Q2YTD
us-gaap:netincomeloss,449000000,FD2017Q2YTD_us-gaap_StatementScenarioAxis_us-gaap_ScenarioPreviouslyReportedMember
us-gaap:netincomeloss,542000000,FD2017Q3QTD
us-gaap:netincomeloss,1012000000,FD2017Q3YTD
us-gaap:operatingexpenses,489000000,FD2016Q3QTD
us-gaap:operatingexpenses,1525000000,FD2016Q3YTD
us-gaap:operatingexpenses,544000000,FD2017Q3QTD
us-gaap:operatingexpenses,1559000000,FD2017Q3YTD
us-gaap:operatingincomeloss,245000000,FD2016Q3QTD
us-gaap:operatingincomeloss,367000000,FD2016Q3QTD_us-gaap_StatementBusinessSegmentsAxis_nvda_GpuMember
us-gaap:operatingincomeloss,495000000,FD2016Q3YTD
us-gaap:operatingincomeloss,917000000,FD2016Q3YTD_us-gaap_StatementBusinessSegmentsAxis_nvda_GpuMember
us-gaap:operatingincomeloss,639000000,FD2017Q3QTD
us-gaap:operatingincomeloss,678000000,FD2017Q3QTD_us-gaap_StatementBusinessSegmentsAxis_nvda_GpuMember
us-gaap:operatingincomeloss,17000000,FD2017Q3QTD_us-gaap_StatementBusinessSegmentsAxis_nvda_TegraProcessorMember
us-gaap:operatingincomeloss,1201000000,FD2017Q3YTD
us-gaap:operatingincomeloss,1405000000,FD2017Q3YTD_us-gaap_StatementBusinessSegmentsAxis_nvda_GpuMember
us-gaap:otheraccruedliabilitiescurrent,11000000,FI2016Q4
us-gaap:otheraccruedliabilitiescurrent,16000000,FI2017Q3
us-gaap:otherassetscurrent,67000000,FI2016Q4
us-gaap:otherassetscurrent,64000000,FI2017Q3
us-gaap:othercomprehensiveincomeunrealizedgainlossonderivativesarisingduringperiodnetoftax,2000000,FD2017Q3QTD
us-gaap:othercomprehensiveincomeunrealizedholdinggainlossonsecuritiesarisingduringperiodnetoftax,3000000,FD2016Q3QTD
us-gaap:othercomprehensiveincomeunrealizedholdinggainlossonsecuritiesarisingduringperiodnetoftax,2000000,FD2017Q3YTD
us-gaap:otherliabilitiesnoncurrent,453000000,FI2016Q4
us-gaap:otherliabilitiesnoncurrent,213000000,FI2017Q3
us-gaap:othernonoperatingincomeexpense,3000000,FD2016Q3QTD
us-gaap:othernonoperatingincomeexpense,1000000,FD2016Q3YTD
us-gaap:paymentsforlegalsettlements,16000000,FD2017Q3YTD
us-gaap:paymentsforproceedsfromotherinvestingactivities,1000000,FD2016Q3YTD
us-gaap:paymentsforproceedsfromotherinvestingactivities,3000000,FD2017Q3YTD
us-gaap:paymentsforrepurchaseofcommonstock,452000000,FD2016Q3YTD
us-gaap:paymentsforrepurchaseofcommonstock,509000000,FD2017Q3YTD
us-gaap:paymentsforrestructuring,14000000,FD2017Q3YTD
us-gaap:paymentsofdebtissuancecosts,4000000,FD2017Q3YTD
us-gaap:paymentsofdividends,152000000,FD2016Q3YTD
us-gaap:paymentsofdividends,61000000,FD2017Q3QTD
us-gaap:paymentsofdividends,185000000,FD2017Q3YTD
us-gaap:paymentstoacquiremarketablesecurities,2669000000,FD2016Q3YTD
us-gaap:paymentstoacquiremarketablesecurities,2249000000,FD2017Q3YTD
us-gaap:paymentstoacquirepropertyplantandequipment,71000000,FD2016Q3YTD
us-gaap:paymentstoacquirepropertyplantandequipment,125000000,FD2017Q3YTD
us-gaap:prepaidexpenseandotherassetscurrent,93000000,FI2016Q4
us-gaap:prepaidexpenseandotherassetscurrent,124000000,FI2017Q3
us-gaap:proceedsfromissuanceofdebt,1988000000,FD2017Q3QTD
us-gaap:proceedsfromissuanceofdebt,1988000000,FD2017Q3YTD
us-gaap:proceedsfrompaymentsforotherfinancingactivities,5000000,FD2016Q3YTD
us-gaap:proceedsfromsaleandmaturityofmarketablesecurities,872000000,FD2016Q3YTD
us-gaap:proceedsfromsaleandmaturityofmarketablesecurities,712000000,FD2017Q3YTD
us-gaap:proceedsfromsaleofavailableforsalesecurities,1651000000,FD2016Q3YTD
us-gaap:proceedsfromsaleofavailableforsalesecurities,1239000000,FD2017Q3YTD
us-gaap:productwarrantyaccrual,8000000,FI2015Q4
us-gaap:productwarrantyaccrual,11000000,FI2016Q4
us-gaap:productwarrantyaccrual,7000000,FI2017Q3
us-gaap:productwarrantyaccrualclassifiedcurrent,11000000,FI2016Q4
us-gaap:productwarrantyaccrualclassifiedcurrent,8000000,FI2017Q3
us-gaap:productwarrantyaccrualpayments,24000000,FD2016Q4YTD
us-gaap:productwarrantyaccrualpayments,5000000,FD2017Q3YTD
us-gaap:productwarrantyaccrualwarrantiesissued,27000000,FD2016Q4YTD
us-gaap:productwarrantyaccrualwarrantiesissued,1000000,FD2017Q3YTD
us-gaap:productwarrantyexpense,15000000,FD2016Q3YTD
us-gaap:propertyplantandequipmentnet,466000000,FI2016Q4
us-gaap:propertyplantandequipmentnet,503000000,FI2017Q3
us-gaap:reclassificationfromaccumulatedothercomprehensiveincomecurrentperiodnetoftax,1000000,FD2017Q3YTD
us-gaap:repaymentsofconvertibledebt,444000000,FD2017Q3YTD
us-gaap:repaymentsoflongtermcapitalleaseobligations,3000000,FD2016Q3YTD
us-gaap:repaymentsoflongtermcapitalleaseobligations,3000000,FD2017Q3YTD
us-gaap:researchanddevelopmentexpense,329000000,FD2016Q3QTD
us-gaap:researchanddevelopmentexpense,987000000,FD2016Q3YTD
us-gaap:researchanddevelopmentexpense,373000000,FD2017Q3QTD
us-gaap:researchanddevelopmentexpense,1069000000,FD2017Q3YTD
us-gaap:restructuringcharges,8000000,FD2016Q3QTD
us-gaap:restructuringcharges,97000000,FD2016Q3YTD
us-gaap:restructuringcharges,3000000,FD2017Q3YTD
us-gaap:restructuringreserve,23000000,FI2016Q4
us-gaap:restructuringreserve,13000000,FI2017Q3
us-gaap:restructuringreservesettledwithoutcash2,1000000,FD2017Q3YTD
us-gaap:retainedearningsaccumulateddeficit,4350000000,FI2016Q4
us-gaap:retainedearningsaccumulateddeficit,5529000000,FI2017Q3
us-gaap:revenues,1305000000,FD2016Q3QTD
us-gaap:revenues,229000000,FD2016Q3QTD_nvda_RevenueFromCustomersBasedInDifferentGeographicRegionsAxis_country_CN
us-gaap:revenues,515000000,FD2016Q3QTD_nvda_RevenueFromCustomersBasedInDifferentGeographicRegionsAxis_country_TW
us-gaap:revenues,156000000,FD2016Q3QTD_nvda_RevenueFromCustomersBasedInDifferentGeographicRegionsAxis_country_US
us-gaap:revenues,108000000,FD2016Q3QTD_nvda_RevenueFromCustomersBasedInDifferentGeographicRegionsAxis_nvda_OtherAmericasMember
us-gaap:revenues,181000000,FD2016Q3QTD_nvda_RevenueFromCustomersBasedInDifferentGeographicRegionsAxis_nvda_OtherAsiaPacificMember
us-gaap:revenues,116000000,FD2016Q3QTD_nvda_RevenueFromCustomersBasedInDifferentGeographicRegionsAxis_us-gaap_EuropeMember
us-gaap:revenues,79000000,FD2016Q3QTD_nvda_RevenuebymajormarketAxis_nvda_AutomotiveMember
us-gaap:revenues,82000000,FD2016Q3QTD_nvda_RevenuebymajormarketAxis_nvda_DatacenterMember
us-gaap:revenues,761000000,FD2016Q3QTD_nvda_RevenuebymajormarketAxis_nvda_GamingMember
us-gaap:revenues,193000000,FD2016Q3QTD_nvda_RevenuebymajormarketAxis_nvda_OEMIPMember
us-gaap:revenues,190000000,FD2016Q3QTD_nvda_RevenuebymajormarketAxis_nvda_ProfessionalVisualizationMember
us-gaap:revenues,66000000,FD2016Q3QTD_us-gaap_StatementBusinessSegmentsAxis_nvda_AllOtherMember
us-gaap:revenues,1110000000,FD2016Q3QTD_us-gaap_StatementBusinessSegmentsAxis_nvda_GpuMember
us-gaap:revenues,129000000,FD2016Q3QTD_us-gaap_StatementBusinessSegmentsAxis_nvda_TegraProcessorMember
us-gaap:revenues,3609000000,FD2016Q3YTD
us-gaap:revenues,583000000,FD2016Q3YTD_nvda_RevenueFromCustomersBasedInDifferentGeographicRegionsAxis_country_CN
us-gaap:revenues,1348000000,FD2016Q3YTD_nvda_RevenueFromCustomersBasedInDifferentGeographicRegionsAxis_country_TW
us-gaap:revenues,474000000,FD2016Q3YTD_nvda_RevenueFromCustomersBasedInDifferentGeographicRegionsAxis_country_US
us-gaap:revenues,309000000,FD2016Q3YTD_nvda_RevenueFromCustomersBasedInDifferentGeographicRegionsAxis_nvda_OtherAmericasMember
us-gaap:revenues,554000000,FD2016Q3YTD_nvda_RevenueFromCustomersBasedInDifferentGeographicRegionsAxis_nvda_OtherAsiaPacificMember
us-gaap:revenues,341000000,FD2016Q3YTD_nvda_RevenueFromCustomersBasedInDifferentGeographicRegionsAxis_us-gaap_EuropeMember
us-gaap:revenues,227000000,FD2016Q3YTD_nvda_RevenuebymajormarketAxis_nvda_AutomotiveMember
us-gaap:revenues,242000000,FD2016Q3YTD_nvda_RevenuebymajormarketAxis_nvda_DatacenterMember
us-gaap:revenues,2008000000,FD2016Q3YTD_nvda_RevenuebymajormarketAxis_nvda_GamingMember
us-gaap:revenues,585000000,FD2016Q3YTD_nvda_RevenuebymajormarketAxis_nvda_OEMIPMember
us-gaap:revenues,547000000,FD2016Q3YTD_nvda_RevenuebymajormarketAxis_nvda_ProfessionalVisualizationMember
us-gaap:revenues,198000000,FD2016Q3YTD_us-gaap_StatementBusinessSegmentsAxis_nvda_AllOtherMember
us-gaap:revenues,3009000000,FD2016Q3YTD_us-gaap_StatementBusinessSegmentsAxis_nvda_GpuMember
us-gaap:revenues,402000000,FD2016Q3YTD_us-gaap_StatementBusinessSegmentsAxis_nvda_TegraProcessorMember
us-gaap:revenues,2004000000,FD2017Q3QTD
us-gaap:revenues,341000000,FD2017Q3QTD_nvda_RevenueFromCustomersBasedInDifferentGeographicRegionsAxis_country_CN
us-gaap:revenues,747000000,FD2017Q3QTD_nvda_RevenueFromCustomersBasedInDifferentGeographicRegionsAxis_country_TW
us-gaap:revenues,282000000,FD2017Q3QTD_nvda_RevenueFromCustomersBasedInDifferentGeographicRegionsAxis_country_US
us-gaap:revenues,154000000,FD2017Q3QTD_nvda_RevenueFromCustomersBasedInDifferentGeographicRegionsAxis_nvda_OtherAmericasMember
us-gaap:revenues,309000000,FD2017Q3QTD_nvda_RevenueFromCustomersBasedInDifferentGeographicRegionsAxis_nvda_OtherAsiaPacificMember
us-gaap:revenues,171000000,FD2017Q3QTD_nvda_RevenueFromCustomersBasedInDifferentGeographicRegionsAxis_us-gaap_EuropeMember
us-gaap:revenues,127000000,FD2017Q3QTD_nvda_RevenuebymajormarketAxis_nvda_AutomotiveMember
us-gaap:revenues,240000000,FD2017Q3QTD_nvda_RevenuebymajormarketAxis_nvda_DatacenterMember
us-gaap:revenues,1244000000,FD2017Q3QTD_nvda_RevenuebymajormarketAxis_nvda_GamingMember
us-gaap:revenues,186000000,FD2017Q3QTD_nvda_RevenuebymajormarketAxis_nvda_OEMIPMember
us-gaap:revenues,207000000,FD2017Q3QTD_nvda_RevenuebymajormarketAxis_nvda_ProfessionalVisualizationMember
us-gaap:revenues,66000000,FD2017Q3QTD_us-gaap_StatementBusinessSegmentsAxis_nvda_AllOtherMember
us-gaap:revenues,1697000000,FD2017Q3QTD_us-gaap_StatementBusinessSegmentsAxis_nvda_GpuMember
us-gaap:revenues,241000000,FD2017Q3QTD_us-gaap_StatementBusinessSegmentsAxis_nvda_TegraProcessorMember
us-gaap:revenues,4737000000,FD2017Q3YTD
us-gaap:revenues,845000000,FD2017Q3YTD_nvda_RevenueFromCustomersBasedInDifferentGeographicRegionsAxis_country_CN
us-gaap:revenues,1696000000,FD2017Q3YTD_nvda_RevenueFromCustomersBasedInDifferentGeographicRegionsAxis_country_TW
us-gaap:revenues,682000000,FD2017Q3YTD_nvda_RevenueFromCustomersBasedInDifferentGeographicRegionsAxis_country_US
us-gaap:revenues,360000000,FD2017Q3YTD_nvda_RevenueFromCustomersBasedInDifferentGeographicRegionsAxis_nvda_OtherAmericasMember
us-gaap:revenues,660000000,FD2017Q3YTD_nvda_RevenueFromCustomersBasedInDifferentGeographicRegionsAxis_nvda_OtherAsiaPacificMember
us-gaap:revenues,494000000,FD2017Q3YTD_nvda_RevenueFromCustomersBasedInDifferentGeographicRegionsAxis_us-gaap_EuropeMember
us-gaap:revenues,359000000,FD2017Q3YTD_nvda_RevenuebymajormarketAxis_nvda_AutomotiveMember
us-gaap:revenues,534000000,FD2017Q3YTD_nvda_RevenuebymajormarketAxis_nvda_DatacenterMember
us-gaap:revenues,2712000000,FD2017Q3YTD_nvda_RevenuebymajormarketAxis_nvda_GamingMember
us-gaap:revenues,522000000,FD2017Q3YTD_nvda_RevenuebymajormarketAxis_nvda_OEMIPMember
us-gaap:revenues,610000000,FD2017Q3YTD_nvda_RevenuebymajormarketAxis_nvda_ProfessionalVisualizationMember
us-gaap:revenues,198000000,FD2017Q3YTD_us-gaap_StatementBusinessSegmentsAxis_nvda_AllOtherMember
us-gaap:revenues,3972000000,FD2017Q3YTD_us-gaap_StatementBusinessSegmentsAxis_nvda_GpuMember
us-gaap:revenues,567000000,FD2017Q3YTD_us-gaap_StatementBusinessSegmentsAxis_nvda_TegraProcessorMember
us-gaap:sellinggeneralandadministrativeexpense,152000000,FD2016Q3QTD
us-gaap:sellinggeneralandadministrativeexpense,441000000,FD2016Q3YTD
us-gaap:sellinggeneralandadministrativeexpense,171000000,FD2017Q3QTD
us-gaap:sellinggeneralandadministrativeexpense,487000000,FD2017Q3YTD
us-gaap:sharebasedcompensation,51000000,FD2016Q3QTD
us-gaap:sharebasedcompensation,145000000,FD2016Q3YTD
us-gaap:sharebasedcompensation,65000000,FD2017Q3QTD
us-gaap:sharebasedcompensation,176000000,FD2017Q3YTD
us-gaap:sharebasedcompensationarrangementbysharebasedpaymentawardequityinstrumentsotherthanoptionsfo,1000000,FD2017Q3YTD
us-gaap:sharebasedcompensationarrangementbysharebasedpaymentawardequityinstrumentsotherthanoptionsfo,21.58,FD2017Q3YTD
us-gaap:sharebasedcompensationarrangementbysharebasedpaymentawardequityinstrumentsotherthanoptionsgr,11000000,FD2017Q3YTD
us-gaap:sharebasedcompensationarrangementbysharebasedpaymentawardequityinstrumentsotherthanoptionsgr,48.88,FD2017Q3YTD
us-gaap:sharebasedcompensationarrangementbysharebasedpaymentawardequityinstrumentsotherthanoptionsno,26000000,FI2016Q4
us-gaap:sharebasedcompensationarrangementbysharebasedpaymentawardequityinstrumentsotherthanoptionsno,27000000,FI2017Q3
us-gaap:sharebasedcompensationarrangementbysharebasedpaymentawardequityinstrumentsotherthanoptionsno,19.12,FI2016Q4
us-gaap:sharebasedcompensationarrangementbysharebasedpaymentawardequityinstrumentsotherthanoptionsno,31.76,FI2017Q3
us-gaap:sharebasedcompensationarrangementbysharebasedpaymentawardequityinstrumentsotherthanoptionsve,9000000,FD2017Q3YTD
us-gaap:sharebasedcompensationarrangementbysharebasedpaymentawardequityinstrumentsotherthanoptionsve,17.84,FD2017Q3YTD
us-gaap:sharebasedcompensationarrangementbysharebasedpaymentawardoptionsoutstandingnumber,13000000,FI2016Q4
us-gaap:sharebasedcompensationarrangementbysharebasedpaymentawardoptionsoutstandingnumber,9000000,FI2017Q3
us-gaap:sharebasedcompensationarrangementbysharebasedpaymentawardoptionsoutstandingweightedaverageex,14.49,FI2016Q4
us-gaap:sharebasedcompensationarrangementbysharebasedpaymentawardoptionsoutstandingweightedaverageex,14.52,FI2017Q3
us-gaap:sharebasedcompensationarrangementsbysharebasedpaymentawardoptionsexercisesinperiodweightedav,14.44,FD2017Q3YTD
us-gaap:shareprice,70.56,I2017Q3
us-gaap:stockissuedduringperiodsharesstockoptionsexercised,4000000,FD2017Q3YTD
us-gaap:stockrepurchaseprogramremainingauthorizedrepurchaseamount1,2960000000,FI2017Q3
us-gaap:stockrepurchasedandretiredduringperiodshares,12000000,FD2017Q3YTD
us-gaap:stockrepurchasedduringperiodshares,12000000,FD2017Q1QTD
us-gaap:stockholdersequity,4469000000,FI2016Q4
us-gaap:stockholdersequity,5324000000,FI2017Q3
us-gaap:taxespayablecurrent,2000000,FI2016Q4
us-gaap:taxespayablecurrent,9000000,FI2017Q3
us-gaap:temporaryequityvalueexcludingadditionalpaidincapital,87000000,FI2016Q4
us-gaap:temporaryequityvalueexcludingadditionalpaidincapital,45000000,FI2017Q3
us-gaap:treasurystockvalue,4048000000,FI2016Q4
us-gaap:treasurystockvalue,4783000000,FI2017Q3
us-gaap:treasurystockvalueacquiredcostmethod,509000000,FD2017Q3YTD
us-gaap:unrealizedgainlossoncashflowhedginginstruments,2000000,FD2017Q3QTD
us-gaap:weightedaveragenumberdilutedsharesoutstandingadjustment,13000000,FD2016Q3QTD
us-gaap:weightedaveragenumberdilutedsharesoutstandingadjustment,13000000,FD2016Q3YTD
us-gaap:weightedaveragenumberdilutedsharesoutstandingadjustment,27000000,FD2017Q3QTD
us-gaap:weightedaveragenumberdilutedsharesoutstandingadjustment,25000000,FD2017Q3YTD
us-gaap:weightedaveragenumberofdilutedsharesoutstanding,565000000,FD2016Q3QTD
us-gaap:weightedaveragenumberofdilutedsharesoutstanding,563000000,FD2016Q3YTD
us-gaap:weightedaveragenumberofdilutedsharesoutstanding,599000000,FD2017Q1QTD
us-gaap:weightedaveragenumberofdilutedsharesoutstanding,597000000,FD2017Q1QTD_us-gaap_StatementScenarioAxis_us-gaap_ScenarioPreviouslyReportedMember
us-gaap:weightedaveragenumberofdilutedsharesoutstanding,634000000,FD2017Q2QTD
us-gaap:weightedaveragenumberofdilutedsharesoutstanding,631000000,FD2017Q2QTD_us-gaap_StatementScenarioAxis_us-gaap_ScenarioPreviouslyReportedMember
us-gaap:weightedaveragenumberofdilutedsharesoutstanding,620000000,FD2017Q2YTD
us-gaap:weightedaveragenumberofdilutedsharesoutstanding,617000000,FD2017Q2YTD_us-gaap_StatementScenarioAxis_us-gaap_ScenarioPreviouslyReportedMember
us-gaap:weightedaveragenumberofdilutedsharesoutstanding,653000000,FD2017Q3QTD
us-gaap:weightedaveragenumberofdilutedsharesoutstanding,636000000,FD2017Q3YTD
us-gaap:weightedaveragenumberofsharesoutstandingbasic,542000000,FD2016Q3QTD
us-gaap:weightedaveragenumberofsharesoutstandingbasic,544000000,FD2016Q3YTD
us-gaap:weightedaveragenumberofsharesoutstandingbasic,538000000,FD2017Q3QTD
us-gaap:weightedaveragenumberofsharesoutstandingbasic,536000000,FD2017Q3YTD
